Company Name,Employees,Website,Domain,Company Street,Company City,Company State,Company Country,Annual Revenue,Source
Benefit Cosmetics,"4,900",http://www.benefitcosmetics.com,benefitcosmetics.com,225 Bush Street,San Francisco,California,United States,"$1,499,999,000",Unbound Account List
Pinterest,"4,800",http://www.pinterest.com,pinterest.com,505 Brannan St,San Francisco,California,United States,"$3,646,166,000",Dream Companies Eng & Security
Twitch,"4,500",http://www.twitch.tv,twitch.tv,350 Bush Street,San Francisco,California,United States,"$1,800,000,000",Dream Companies Eng & Security
Cloudflare,"4,400",http://www.cloudflare.com,cloudflare.com,101 Townsend St,San Francisco,California,United States,"$1,669,626,000",Dream Companies GS
Sama,"4,300",http://www.sama.com,sama.com,2017 Mission Street,San Francisco,California,United States,"$884,700,000",Unbound Account List
Compass.uol,"4,300",http://www.compass.uol,compass.uol,,San Francisco,California,United States,"$1,000,000,000",Unbound Account List
Rippling,"4,000",http://www.rippling.com,rippling.com,430 California St,San Francisco,California,United States,"$570,000,000",Dream Companies Eng & Security
People Center Inc.,"4,000",http://www.rippling.com,rippling.com,2570 Folsom Street,San Francisco,California,United States,"$570,000,000",Unbound Account List
Motive,"4,000",http://www.gomotive.com,gomotive.com,55 Hawthorne St,San Francisco,California,United States,"$187,500,000",Unbound Account List
Epic Games,"4,000",http://www.epicgames.com,epicgames.com,620 Crossroads Blvd,Cary,North Carolina,United States,"$5,500,000,000",Dream Companies Eng & Security
Coinbase,"3,800",http://www.coinbase.com,coinbase.com,100 Pine Street,San Francisco,California,United States,"$6,564,028,000",Dream Companies Eng & Security
Proofpoint,"3,700",http://www.proofpoint.com,proofpoint.com,925 W Maude Ave,Sunnyvale,California,United States,"$1,050,010,000",Dream Companies Eng & Security
Wompro International,"3,600",http://www.zoominfo.com,zoominfo.com,330 W Columbia Way,Vancouver,Washington,United States,"$1,214,300,000",Dream Companies Eng & Security
Samsara,"3,600",http://www.samsara.com,samsara.com,350 Rhode Island Street,San Francisco,California,United States,"$937,000,000",Dream Companies Eng & Security
Samsara Networks,"3,500",http://www.samsara.com,samsara.com,1 De Haro St,San Francisco,California,United States,"$1,249,199,000",Dream Companies Eng & Security
Elastic,"3,500",http://www.elastic.co,elastic.co,88 Kearny St,San Francisco,California,United States,"$1,483,296,000",Unbound Account List
Instacart,"3,300",http://www.instacart.com,instacart.com,50 Beale Street,San Francisco,California,United States,"$3,378,000,000",Dream Companies Eng & Security
Meltwater,"3,200",http://www.meltwater.com,meltwater.com,115 Sansome St,San Francisco,California,United States,"$500,000,000",Unbound Account List
One Medical,"3,100",http://www.onemedical.com,onemedical.com,1 Embarcadero Center,San Francisco,California,United States,"$1,045,547,000",Unbound Account List
Confluent,"3,100",http://www.confluent.io,confluent.io,899 W Evelyn Ave,Mountain View,California,United States,"$963,642,000",Dream Companies Eng & Security
Rubrik,"3,000",http://www.rubrik.com,rubrik.com,3 Polaris Way,Palo Alto,California,United States,"$784,000,000",Security Companies Added
BairesDev,"2,900",http://www.bairesdev.com,bairesdev.com,2 Embarcadero Center,San Francisco,California,United States,"$338,000,000",Unbound Account List
SentinelOne,"2,800",http://www.sentinelone.com,sentinelone.com,444 Castro St,Mountain View,California,United States,"$821,461,000",Dream Companies Eng & Security
Flexport,"2,800",http://www.flexport.com,flexport.com,760 Market Street,San Francisco,California,United States,"$2,100,000,000",Dream Companies Eng & Security
Rapid7,"2,500",http://www.rapid7.com,rapid7.com,120 Causeway Street,Boston,Massachusetts,United States,"$844,007,000",Dream Companies Eng & Security
Lime,"2,500",http://www.li.me,li.me,85 2nd Street,San Francisco,California,United States,"$686,000,000",Unbound Account List
Gusto,"2,500",http://www.gusto.com,gusto.com,525 20th Street,San Francisco,California,United States,"$500,000,000",Dream Companies Eng & Security
Klaviyo,"2,400",http://www.klaviyo.com,klaviyo.com,125 Summer St,Boston,Massachusetts,United States,"$937,464,000",Dream Companies Eng & Security
alteryx,"2,400",http://www.alteryx.com,alteryx.com,3347 Michelson Drive,Irvine,California,United States,"$970,000,000",Dream Companies Eng & Security
Robinhood,"2,300",http://www.robinhood.com,robinhood.com,85 Willow Road,West Menlo Park,California,United States,"$2,951,000,000",Dream Companies Eng & Security
Dropbox,"2,300",http://www.dropbox.com,dropbox.com,1800 Owens St,San Francisco,California,United States,"$2,548,200,000",Dream Companies Eng & Security
WRITER,"2,200",http://www.writer.com,writer.com,140 Geary St,San Francisco,California,United States,"$47,000,000",Unbound Account List
SpotOn,"2,200",http://www.spoton.com,spoton.com,100 California St,San Francisco,California,United States,"$750,000,000",Unbound Account List
New Relic,"2,200",http://www.newrelic.com,newrelic.com,188 Spear Street,San Francisco,California,United States,"$987,000,000",Dream Companies Eng & Security
Bill.com,"2,200",http://www.bill.com,bill.com,,San Francisco,California,United States,"$1,422,886,000",Unbound Account List
BILL,"2,200",http://www.bill.com,bill.com,6220 America Center Dr,San Jose,California,United States,"$1,499,861,000",Dream Companies Eng & Security
Zeta Suite,"2,100",http://www.zeta.tech,zeta.tech,,Daly City,California,United States,"$1,006,000,000",Unbound Account List
Affirm,"2,100",http://www.affirm.com,affirm.com,650 California Street,San Francisco,California,United States,"$3,224,412,000",Dream Companies Eng & Security
Included Health,"2,000",http://www.includedhealth.com,includedhealth.com,1 California St,San Francisco,California,United States,"$344,800,000",Unbound Account List
"GitLab, Inc.","2,000",http://www.gitlab.com,gitlab.com,268 Bush St #350,San Francisco,California,United States,"$600,000,000",Dream Companies Eng & Security
Dyninno Group,"2,000",http://www.dyninno.com,dyninno.com,,San Francisco,California,United States,"$1,000,000,000",Unbound Account List
Arctic Wolf,"2,000",http://www.arcticwolf.com,arcticwolf.com,8939 Columbine Road,Eden Prairie,Minnesota,United States,"$500,000,000",Security Companies Added
Tenable,"1,900",http://www.tenable.com,tenable.com,6100 Merriweather Dr,Columbia,Maryland,United States,"$974,603,000",Dream Companies Eng & Security
Wiz,"1,800",http://www.wiz.io,wiz.io,431 9th Ave,New York,New York,United States,"$200,000,000",Dream Companies Eng & Security
Taskrabbit,"1,800",http://www.taskrabbit.com,taskrabbit.com,425 2nd Street,San Francisco,California,United States,"$70,000,000",Unbound Account List
Square,"1,800",http://www.squareup.com,squareup.com,1455 Market Street,San Francisco,California,United States,"$1,012,336,000",Unbound Account List
Sitecore,"1,800",http://www.sitecore.com,sitecore.com,101 California Street,San Francisco,California,United States,"$500,000,000",Unbound Account List
Magic,"1,800",http://www.getmagic.com,getmagic.com,1263 Mission Street,San Francisco,California,United States,--,Unbound Account List
Glassdoor,"1,800",http://www.glassdoor.com,glassdoor.com,,San Francisco,California,United States,"$210,000,000",Unbound Account List
Carta,"1,800",http://www.carta.com,carta.com,333 Bush Street,San Francisco,California,United States,"$300,000,000",Dream Companies Eng & Security
AppsFlyer,"1,800",http://www.appsflyer.com,appsflyer.com,100 1st St,San Francisco,California,United States,"$508,400,000",Unbound Account List
Thumbtack,"1,700",http://www.thumbtack.com,thumbtack.com,415 Natoma St,San Francisco,California,United States,"$300,000,000",Dream Companies Eng & Security
Riverbed,"1,700",http://www.riverbed.com,riverbed.com,680 Folsom Street,San Francisco,California,United States,"$1,300,000,000",Unbound Account List
Homebase,"1,700",http://www.joinhomebase.com,joinhomebase.com,835 Howard St,San Francisco,California,United States,"$45,000,000",Unbound Account List
hims & hers,"1,700",http://www.hims.com,hims.com,2269 Chestnut Street,San Francisco,California,United States,"$1,784,353,000",Unbound Account List
Figma,"1,700",http://www.figma.com,figma.com,760 Market St,San Francisco,California,United States,"$749,011,000",Dream Companies Eng & Security
Asana,"1,700",http://www.asana.com,asana.com,633 3rd Street,San Francisco,California,United States,"$652,000,000",Dream Companies Eng & Security
Wizeline,"1,600",http://www.wizeline.ai,wizeline.ai,50 California St,San Francisco,California,United States,"$345,600,000",Unbound Account List
Outschool,"1,600",http://www.outschool.com,outschool.com,2001 Pierce St,San Francisco,California,United States,"$100,000,000",Unbound Account List
MuleSoft,"1,600",http://www.mulesoft.com,mulesoft.com,415 Mission Street,San Francisco,California,United States,"$296,460,000",Unbound Account List
Hinge Health,"1,600",http://www.hingehealth.com,hingehealth.com,455 Market St,San Francisco,California,United States,"$431,521,000",Unbound Account List
Harness,"1,600",http://www.harness.io,harness.io,55 Stockton St,San Francisco,California,United States,"$100,000,000",Dream Companies Eng & Security
Handshake,"1,600",http://www.joinhandshake.com,joinhandshake.com,225 Bush Street,San Francisco,California,United States,"$100,000,000",Unbound Account List
6sense,"1,600",http://www.6sense.com,6sense.com,450 Mission Street,San Francisco,California,United States,"$154,999,000",Dream Companies Eng & Security
Vanta,"1,500",http://www.vanta.com,vanta.com,655 Montgomery Street,San Francisco,California,United States,"$100,000,000",Dream Companies Eng & Security
Saviynt,"1,500",https://saviynt.com,saviynt.com,1301 E El Segundo Blvd Ste D,El Segundo,California,United States,"$183,400,000",Security Companies Added
Ripple,"1,500",http://www.ripple.com,ripple.com,300 Montgomery Street,San Francisco,California,United States,"$189,000,000",Unbound Account List
Gong,"1,500",http://www.gong-next-sanity-web.vercel.app,gong-next-sanity-web.vercel.app,201 Spear St,San Francisco,California,United States,"$300,000,000",Unbound Account List
Chime,"1,500",http://www.chime.com,chime.com,77 Maiden Lane,San Francisco,California,United States,"$1,673,269,000",Dream Companies Eng & Security
Automattic,"1,500",http://www.automattic.com,automattic.com,60 29th Street,San Francisco,California,United States,"$481,400,000",Unbound Account List
Augmedix,"1,500",http://www.augmedix.com,augmedix.com,111 Sutter St,San Francisco,California,United States,"$44,855,000",Unbound Account List
Talkdesk,"1,400",http://www.talkdesk.com,talkdesk.com,535 Mission Street,San Francisco,California,United States,"$200,000,000",Unbound Account List
Sprout Social,"1,400",http://www.sproutsocial.com,sproutsocial.com,131 South Dearborn Street,Chicago,Illinois,United States,"$405,908,000",Dream Companies Eng & Security
Seismic,"1,400",http://www.seismic.com,seismic.com,11455 El Camino Real,San Diego,California,United States,"$750,000,000",Dream Companies Eng & Security
Tapjoy (Acquired by ironSource),"1,300",,,353 Sacramento St,San Francisco,California,United States,"$553,466,000",Unbound Account List
Quora,"1,300",http://www.quora.com,quora.com,650 Castro Street,Mountain View,California,United States,"$20,000,000",Dream Companies Eng & Security
Plaid,"1,300",http://www.plaid.com,plaid.com,564 Market St,San Francisco,California,United States,"$300,000,000",Unbound Account List
PagerDuty,"1,300",http://www.pagerduty.com,pagerduty.com,600 Townsend Street,San Francisco,California,United States,"$467,499,000",Dream Companies Eng & Security
Eco,"1,300",http://www.eco.com,eco.com,2261 Market St,San Francisco,California,United States,"$5,000,000",Unbound Account List
Vimeo,"1,200",http://www.vimeo.com,vimeo.com,330 W 34th St,New York,New York,United States,"$417,006,000",Dream Companies Eng & Security
Ramp,"1,200",http://www.ramp.com,ramp.com,28 West 23rd Street,New York,New York,United States,"$1,000,000,000",Dream Companies Eng & Security
Mercury,"1,200",http://www.mercury.com,mercury.com,548 Market Street,San Francisco,California,United States,"$8,000,000",Dream Companies Eng & Security
Robosoft Technologies,"1,100",http://www.robosoftin.com,robosoftin.com,95 3rd St,San Francisco,California,United States,"$25,078,000",Unbound Account List
ŌURA,"1,100",http://www.ouraring.com,ouraring.com,,San Francisco,California,United States,"$500,000,000",Unbound Account List
OpenGov Inc.,"1,100",http://www.opengov.com,opengov.com,660 3rd St,San Francisco,California,United States,"$1,800,000,000",Unbound Account List
Gainsight,"1,100",http://www.gainsight.com,gainsight.com,350 Bay St,San Francisco,California,United States,"$100,000,000",Unbound Account List
Fastly,"1,100",http://www.fastly.com,fastly.com,475 Brannan Street,San Francisco,California,United States,"$543,676,000",Dream Companies Eng & Security
EIS Ltd,"1,100",http://www.eisgroup.com,eisgroup.com,4 Embarcadero Ctr,San Francisco,California,United States,"$146,500,000",Unbound Account List
Devsinc,"1,100",http://www.devsinc.com,devsinc.com,1160 Battery St,San Francisco,California,United States,"$379,000,000",Unbound Account List
Demandbase,"1,100",http://www.demandbase.com,demandbase.com,680 Folsom Street,San Francisco,California,United States,"$200,000,000",Unbound Account List
Constructor,"1,100",http://www.constructor.com,constructor.com,268 Bush St,San Francisco,California,United States,"$550,000,000",Unbound Account List
AppDirect,"1,100",http://www.appdirect.com,appdirect.com,650 California Street,San Francisco,California,United States,"$1,000,000,000",Unbound Account List
Zapier,"1,000",http://www.zapier.com,zapier.com,100 S Murphy Ave,Sunnyvale,California,United States,"$140,000,000",Dream Companies Eng & Security
Webflow,"1,000",http://www.webflow.com,webflow.com,398 11th Street,San Francisco,California,United States,"$100,000,000",Dream Companies Eng & Security
Turo,"1,000",http://www.turo.com,turo.com,111 Sutter Street,San Francisco,California,United States,"$300,000,000",Dream Companies Eng & Security
Snyk,"1,000",http://www.snyk.io,snyk.io,100 Summer Street,Boston,Massachusetts,United States,"$300,000,000",Security Companies Added
Postman,"1,000",http://www.postman.com,postman.com,201 Mission Street,San Francisco,California,United States,"$150,000,000",Dream Companies Eng & Security
Grammarly,"1,000",http://www.grammarly.com,grammarly.com,548 Market St,San Francisco,California,United States,"$200,000,000",Dream Companies Eng & Security
Dama,"1,000",http://www.damapaper.org,damapaper.org,555 California St,San Francisco,California,United States,--,Unbound Account List
Zip,990,http://www.ziphq.com,ziphq.com,680 Folsom St,San Francisco,California,United States,"$22,000,000",Unbound Account List
Intercom,990,http://www.intercom.com,intercom.com,55 2nd Street,San Francisco,California,United States,"$200,000,000",Unbound Account List
Docker,980,http://www.docker.com,docker.com,144 Townsend Street,San Francisco,California,United States,"$207,000,000",Dream Companies Eng & Security
The Linux Foundation,930,http://www.linuxfoundation.org,linuxfoundation.org,1 Letterman Drive,San Francisco,California,United States,"$177,000,000",Unbound Account List
ForgeRock (Now Ping Identity),930,http://www.pingidentity.com,pingidentity.com,201 Mission Street,San Francisco,California,United States,"$217,512,000",Unbound Account List
Alto Pharmacy,930,http://www.alto.com,alto.com,645 Harrison Street,San Francisco,California,United States,"$700,000,000",Unbound Account List
Pendo.io,910,http://www.pendo.io,pendo.io,301 Hillsborough St,Raleigh,North Carolina,United States,"$200,000,000",Dream Companies Eng & Security
Sentry,900,http://www.sentry.io,sentry.io,45 Fremont Street,San Francisco,California,United States,"$200,000,000",Dream Companies Eng & Security
Scale AI,900,http://www.scale.com,scale.com,650 California Street,San Francisco,California,United States,"$870,000,000",Dream Companies GS
Illumio,900,http://www.illumio.com,illumio.com,920 De Guigne Drive,Sunnyvale,California,United States,"$200,000,000",Security Companies Added
Airtable,900,http://www.airtable.com,airtable.com,155 5th Street,San Francisco,California,United States,"$100,000,000",Dream Companies Eng & Security
Discord,890,http://www.discord.com,discord.com,444 De Haro Street,San Francisco,California,United States,"$1,100,000,000",Unbound Account List
Marqeta,860,http://www.marqeta.com,marqeta.com,180 Grand Avenue,Oakland,California,United States,"$506,995,000",Dream Companies Eng & Security
Testlio,850,http://www.testlio.com,testlio.com,303 2nd Street,San Francisco,California,United States,"$75,600,000",Unbound Account List
Omada Health,850,http://www.omadahealth.com,omadahealth.com,500 Sansome Street,San Francisco,California,United States,"$199,407,000",Unbound Account List
Pepper Content,830,http://www.peppercontent.io,peppercontent.io,,San Francisco,California,United States,"$90,800,000",Unbound Account List
PandaDoc,820,http://www.pandadoc.com,pandadoc.com,3739 Balboa St,San Francisco,California,United States,"$100,000,000",Unbound Account List
Lytx,820,http://www.lytx.com,lytx.com,9785 Towne Centre Drive,San Diego,California,United States,"$300,000,000",Dream Companies Eng & Security
Checkr,800,http://www.checkr.com,checkr.com,1 Montgomery Street,San Francisco,California,United States,"$200,000,000",Dream Companies Eng & Security
Bolt,800,http://www.bolt.com,bolt.com,588 Sutter St,San Francisco,California,United States,--,Unbound Account List
Calm,760,http://www.calm.com,calm.com,77 Geary Street,San Francisco,California,United States,"$150,000,000",Unbound Account List
Unbabel,750,http://www.unbabel.com,unbabel.com,595 Pacific Avenue,San Francisco,California,United States,"$84,400,000",Unbound Account List
OpenSea,750,http://www.opensea.io,opensea.io,228 Park Ave S,Miami,Florida,United States,"$109,100,000",Dream Companies Eng & Security
"Niantic, Inc.",750,http://www.nianticlabs.com,nianticlabs.com,1 Sausalito - San Francisco Ferry Building,San Francisco,California,United States,"$1,000,000,000",Unbound Account List
Cribl,740,http://www.cribl.io,cribl.io,22 4th St,San Francisco,California,United States,"$200,000,000",Unbound Account List
Avenue Code,740,http://www.avenuecode.com,avenuecode.com,26 O'Farrell Street,San Francisco,California,United States,"$35,625,000",Unbound Account List
CleverTap,730,http://www.clevertap.com,clevertap.com,535 Mission St,San Francisco,California,United States,"$145,000,000",Unbound Account List
Drata,700,http://www.drata.com,drata.com,4225 Executive Square,San Diego,California,United States,"$100,000,000",Security Companies Added
Collective Health,700,http://www.collectivehealth.com,collectivehealth.com,45 Fremont St,San Francisco,California,United States,"$142,900,000",Unbound Account List
Planful,690,http://www.planful.com,planful.com,150 Spear St,San Francisco,California,United States,"$65,000,000",Unbound Account List
Enable,690,http://www.enable.com,enable.com,535 Mission Street,San Francisco,California,United States,"$114,900,000",Unbound Account List
Stack Overflow,660,http://www.stackoverflow.co,stackoverflow.co,110 William Street,New York,New York,United States,"$125,000,000",Dream Companies Eng & Security
Foodsmart,650,http://www.foodsmart.com,foodsmart.com,595 Pacific Avenue,San Francisco,California,United States,"$103,300,000",Unbound Account List
Contra,650,http://www.contra.com,contra.com,,San Francisco,California,United States,"$100,000",Unbound Account List
symphony.is,640,http://www.symphony.is,symphony.is,25 Taylor Street,San Francisco,California,United States,"$110,900,000",Unbound Account List
Kong Inc.,620,http://www.konghq.com,konghq.com,150 Spear Street,San Francisco,California,United States,"$100,000,000",Unbound Account List
Vida Health,600,http://www.vida.com,vida.com,100 Montgomery Street,San Francisco,California,United States,"$110,900,000",Unbound Account List
Lattice,600,http://www.lattice.com,lattice.com,360 1st Avenue,San Francisco,California,United States,"$60,000,000",Dream Companies Eng & Security
Lacework,600,http://www.lacework.com,lacework.com,175 S San Antonio Rd,Los Altos,California,United States,"$150,000,000",Security Companies Added
Greenhouse,600,http://www.greenhouse.io,greenhouse.io,110 5th Avenue,New York,New York,United States,"$100,000,000",Dream Companies Eng & Security
FLYR,600,http://www.flyr.com,flyr.com,160 Spear St,San Francisco,California,United States,"$25,000,000",Unbound Account List
EvenUp,600,http://www.evenuplaw.com,evenuplaw.com,353 Sacramento St,San Francisco,California,United States,"$10,000,000",Unbound Account List
Abnormal Security,600,http://www.abnormalsecurity.com,abnormalsecurity.com,185 Clara Street,San Francisco,California,United States,"$200,000,000",Security Companies Added
SugarCRM,590,http://www.sugarcrm.com,sugarcrm.com,548 Market St,San Francisco,California,United States,"$200,000,000",Unbound Account List
SingleStore,590,http://www.singlestore.com,singlestore.com,534 4th St,San Francisco,California,United States,"$110,000,000",Unbound Account List
Kaltura,570,http://www.kaltura.com,kaltura.com,201 Mission St,San Francisco,California,United States,"$180,920,000",Unbound Account List
Qualia,560,http://www.qualia.com,qualia.com,50 Fremont St,San Francisco,California,United States,"$100,000,000",Unbound Account List
Mural,560,http://www.mural.co,mural.co,650 California St,San Francisco,California,United States,"$126,700,000",Unbound Account List
Nextdoor,550,http://www.nextdoor.com,nextdoor.com,420 Taylor St,San Francisco,California,United States,"$247,276,000",Dream Companies Eng & Security
Monte Carlo,550,http://www.montecarlodata.com,montecarlodata.com,548 Market Street,San Francisco,California,United States,"$2,000,000",Unbound Account List
Sigma,540,http://www.sigmacomputing.com,sigmacomputing.com,116 New Montgomery Street,San Francisco,California,United States,"$100,000,000",Unbound Account List
Incode,540,http://www.incode.com,incode.com,101 Mission St,San Francisco,California,United States,"$60,000,000",Unbound Account List
Blend,540,http://www.blend.com,blend.com,415 Kearny Street,San Francisco,California,United States,"$153,842,000",Unbound Account List
AngelList,540,http://www.angellist.com,angellist.com,,San Francisco,California,United States,"$171,000,000,000",Unbound Account List
World,530,http://www.world.org,world.org,548 Market Street,San Francisco,California,United States,"$300,000,000",Unbound Account List
WIRED,530,http://www.wired.com,wired.com,520 3rd Street,San Francisco,California,United States,"$30,714,000",Unbound Account List
"Sephora USA, Inc.",520,,,350 Mission St,San Francisco,California,United States,--,Unbound Account List
HackerEarth,520,http://www.hackerearth.com,hackerearth.com,550 Bryant St,San Francisco,California,United States,"$36,000,000",Unbound Account List
11x,510,http://www.11x.ai,11x.ai,677 Harrison St,San Francisco,California,United States,"$10,000,000",Unbound Account List
Veryon,500,http://www.veryon.com,veryon.com,548 Market Street,San Francisco,California,United States,"$100,000,000",Unbound Account List
Simetrik,500,http://www.simetrik.com,simetrik.com,2261 Market St,San Francisco,California,United States,"$52,500,000",Unbound Account List
Orca Security,500,http://www.orca.security,orca.security,8 Sansome Street,San Francisco,California,United States,"$100,000,000",Security Companies Added
Hive,500,http://www.thehive.ai,thehive.ai,575 Market St,San Francisco,California,United States,"$156,200,000",Unbound Account List
Obsidian Security,259,https://www.obsidiansecurity.com,obsidiansecurity.com,680 Newport Center Dr Ste 200,Newport Beach,California,United States,"$26,700,000",Security Companies Added